CREATE DATABASE IF NOT EXISTS btf;

CREATE TABLE IF NOT EXISTS btf.category(
	categoryID int NOT NULL UNIQUE AUTO_INCREMENT,
	category varchar(100),
	PRIMARY KEY(categoryID)
);

INSERT INTO btf.category(categoryID, category) VALUES
(1, "No Category"),
(2, "Snowshine"),
(3, "Avalunch"),
(4, "Winter is Coming"),
(5, "Frozen"),
(6, "Hail-leluja"),
(7, "Ice Ice Baby");


CREATE TABLE IF NOT EXISTS btf.recipe(
	recipeID int NOT NULL UNIQUE AUTO_INCREMENT,
	recipe varchar(100) NOT NULL,
	cost float NOT NULL,
	stock float NOT NULL,
	rcstatus varchar(50) NOT NULL,
	categoryID int NOT NULL,
	PRIMARY KEY (recipeID),
	FOREIGN KEY (categoryID) REFERENCES btf.category(categoryID)
);

INSERT INTO btf.recipe(recipeID, recipe,cost, stock, rcstatus, categoryID) VALUES
(20001, "Strawberry Ice Cream", 120, 7, "available", 1),
(20002, "Chocolate Fountain", 140, 4, "available", 2),
(20003, "Banana Split", 180, 4, "available", 2),
(20004, "Vanilla Wonderland", 140, 4, "available", 3),
(20005, "Sweet Peppermint", 140, 4, "available", 4),
(20006, "Rock and Road", 150, 3, "available", 5),
(20007, "Cherry Garcia", 180, 7, "available", 6),
(20008, "The Simpsons", 140, 10, "available", 7),
(20009, "The Blueberry Diaries", 170, 10, "available", 6),
(20010, "White Collar", 120, 17, "available", 5),
(20011, "Strawberry Stark", 140, 5, "deleted", 7),
(20012, "Baelish", 130, 5, "available", 4),
(20013, "Elsa", 140, 12, "deleted", 3),
(20014, "Jon Snow", 120, 4, "deleted", 7),
(20015, "Targaryen", 140, 6, "available", 3);

CREATE TABLE IF NOT EXISTS btf.raw(
	rawID int NOT NULL UNIQUE AUTO_INCREMENT,
	raw varchar(100) NOT NULL,
	price float NOT NULL,
	stock float NOT NULL,
	critical float NOT NULL,
	rmstatus varchar(50) NOT NULL,
	uom varchar(50) NOT NULL,
	PRIMARY KEY (rawID)
);

INSERT INTO btf.raw(rawID, raw, price, stock, critical, rmstatus, uom) values
(30001, "Strawberry Ice Cream", 20, 10, 5, "available", "scoop"),
(30002, "Chocolate Ice Cream", 30, 2, 8, "available", "scoop"),
(30003, "Vanilla Ice Cream", 25,15, 10, "available", "scoop"),
(30004, "Wafers", 10, 15, 20, "available", "piece"),
(30005, "Peppermint Ice Cream", 40, 8, 10, "available", "scoop"),
(30006, "Ice Cream Cone", 15, 30, 20, "available", "piece"),
(30007, "Marshmallow", 5, 30, 15, "available", "pack"),
(30008, "Cherry", 40, 5, 15, "available", "kg"),
(30009, "Chocolate Syrup", 10, 100, 6, "available", "teaspoon"),
(30010, "Banana", 10, 20, 25, "available", "piece"),
(30011, "Chocolate Chunkie", 15, 30, 25, "available", "g"),
(30012, "Cheese Ice Cream", 20, 15, 20, "available", "scoop"),
(30013, "Lemon Ice Cream", 30, 10, 15, "available", "scoop"),
(30014, "Blueberry", 15, 30, 35, "available", "piece"),
(30015, "Peanuts", 5, 25, 20, "available", "g"),
(30016, "Almonds", 15, 20, 25, "available", "piece"),
(30017, "Peanut Butter", 10, 30, 15, "deleted", "spoon"),
(30018, "Caramel Syrup", 10, 20, 15, "available", "teaspoon"),
(30019, "Dried Mango", 5, 30, 20, "deleted", "piece"),
(30020, "Ginger Ale", 10, 20, 25, "deleted", "teaspoon");

CREATE TABLE IF NOT EXISTS btf.ingredients(
	recipeID int NOT NULL,
	rawID int NOT NULL,
	amount float NOT NULL,
	FOREIGN KEY (recipeID) REFERENCES btf.recipe(recipeID),
	FOREIGN KEY (rawID) REFERENCES btf.raw(rawID)
);

INSERT INTO btf.ingredients(recipeID, rawID, amount) VALUES
(20001, 30001, 3), (20001, 30006, 1),
(20002, 30002, 3), (20002, 30006, 1), (20002, 30009, 1),
(20003, 30001, 1), (20003, 30002, 1), (20003, 30003, 1), (20003, 30008, 1), (20003, 30010, 2),
(20004, 30003, 2), (20004, 30004, 3), (20004, 30007, 5),
(20005, 30005, 1), (20005, 30006, 1), (20005, 30010, 2),
(20006, 30002, 1), (20006, 30003, 1), (20006, 30011, 3), (20006, 30009, 2),
(20007, 30003, 2), (20007, 30008, 3),
(20008, 30013, 2), (20008, 30015, 4),
(20009, 30003, 2), (20009, 30014, 3),
(20010, 30003, 3), (20010, 30004, 3), (20010, 30009, 2),
(20011, 30001, 1), (20011, 30003, 1), (20011, 30007, 2),
(20012, 30005, 1), (20012, 30009, 1), (20012, 30016, 3),
(20013, 30003, 3), (20013, 30014, 2), (20013, 30010, 1),
(20014, 30003, 2), (20014, 30011, 3), (20014, 30009, 2),
(20015, 30003, 3), (20015, 30007, 3), (20015, 30011, 2);

CREATE TABLE IF NOT EXISTS btf.sales(
	salesID int NOT NULL UNIQUE AUTO_INCREMENT,
	ordernum int NOT NULL,
	sales_type varchar(50) NOT NULL,
	sales_date date NOT NULL,
	PRIMARY KEY (salesID)
);
INSERT INTO btf.sales(salesID, ordernum, sales_type, sales_date) values
(40001,1,'sales','2014-07-01'),(40002,1,'complimentary','2014-07-01'),
(40003,2,'sales','2014-07-01'),(40004,2,'complimentary','2014-07-01'),
(40005,3,'sales','2014-07-01'),(40006,3,'complimentary','2014-07-01'),
(40007,4,'sales','2014-07-01'),(40008,4,'complimentary','2014-07-01'),
(40009,5,'sales','2014-07-01'),(40010,5,'complimentary','2014-07-01'),
(40011,6,'sales','2014-07-01'),(40012,6,'complimentary','2014-07-01'),
(40013,7,'sales','2014-07-01'),(40014,7,'complimentary','2014-07-01'),
(40015,8,'sales','2014-07-01'),(40016,8,'complimentary','2014-07-01'),
(40017,9,'sales','2014-07-01'),(40018,9,'complimentary','2014-07-01'),
(40019,10,'sales','2014-07-01'),(40020,10,'complimentary','2014-07-01'),
(40021,11,'sales','2014-07-01'),(40022,11,'complimentary','2014-07-01'),
(40023,12,'sales','2014-07-01'),(40024,12,'complimentary','2014-07-01'),
(40025,13,'sales','2014-07-01'),(40026,13,'complimentary','2014-07-01'),
(40027,14,'sales','2014-07-01'),(40028,14,'complimentary','2014-07-01'),
(40029,15,'sales','2014-07-01'),(40030,15,'complimentary','2014-07-01'),
(40031,16,'sales','2014-07-25'),(40032,16,'complimentary','2014-07-25'),
(40033,17,'sales','2014-07-25'),(40034,17,'complimentary','2014-07-25'),
(40035,18,'sales','2014-07-25'),(40036,18,'complimentary','2014-07-25'),
(40037,19,'sales','2014-07-25'),(40038,19,'complimentary','2014-07-25'),
(40039,20,'sales','2014-07-25'),(40040,20,'complimentary','2014-07-25'),
(40041,21,'sales','2014-07-25'),(40042,21,'complimentary','2014-07-25'),
(40043,22,'sales','2014-07-25'),(40044,23,'complimentary','2014-07-25'),
(40045,24,'sales','2014-07-25'),(40046,24,'complimentary','2014-07-25'),
(40047,25,'sales','2014-07-25'),(40048,25,'complimentary','2014-07-25'),
(40049,26,'sales','2014-07-25'),(40050,26,'complimentary','2014-07-25'),
(40051,27,'sales','2014-07-25'),(40052,27,'complimentary','2014-07-25'),
(40053,28,'sales','2014-07-25'),(40054,28,'complimentary','2014-07-25'),
(40055,29,'sales','2014-07-25'),(40056,29,'complimentary','2014-07-25'),
(40057,30,'sales','2014-07-25'),(40058,30,'complimentary','2014-07-25'),
(40059,31,'sales','2014-07-25'),(40060,31,'complimentary','2014-07-25'),
(40061,32,'sales','2014-07-26'),(40062,32,'complimentary','2014-07-26'),
(40063,33,'sales','2014-07-26'),(40064,33,'complimentary','2014-07-26'),
(40065,34,'sales','2014-07-26'),(40066,34,'complimentary','2014-07-26'),
(40067,35,'sales','2014-07-26'),(40068,35,'complimentary','2014-07-26'),
(40069,36,'sales','2014-07-26'),(40070,36,'complimentary','2014-07-26'),
(40071,37,'sales','2014-07-26'),(40072,37,'complimentary','2014-07-26'),
(40073,38,'sales','2014-07-26'),(40074,38,'complimentary','2014-07-26'),
(40075,39,'sales','2014-07-26'),(40076,39,'complimentary','2014-07-26'),
(40077,40,'sales','2014-07-26'),(40078,40,'complimentary','2014-07-26'),
(40079,41,'sales','2014-07-26'),(40080,41,'complimentary','2014-07-26'),
(40081,42,'sales','2014-07-26'),(40082,42,'complimentary','2014-07-26'),
(40083,43,'sales','2014-07-26'),(40084,43,'complimentary','2014-07-26'),
(40085,44,'sales','2014-07-26'),(40086,44,'complimentary','2014-07-26'),
(40087,45,'sales','2014-07-26'),(40088,45,'complimentary','2014-07-26'),
(40089,46,'sales','2014-07-26'),(40090,46,'complimentary','2014-07-26'),
(40091,47,'sales','2014-07-27'),(40092,47,'complimentary','2014-07-27'),
(40093,48,'sales','2014-07-27'),(40094,48,'complimentary','2014-07-27'),
(40095,49,'sales','2014-07-27'),(40096,49,'complimentary','2014-07-27'),
(40097,50,'sales','2014-07-27'),(40098,50,'complimentary','2014-07-27'),
(40099,51,'sales','2014-07-27'),(40100,51,'complimentary','2014-07-27'),
(40101,52,'sales','2014-07-27'),(40102,52,'complimentary','2014-07-27'),
(40103,53,'sales','2014-07-27'),(40104,53,'complimentary','2014-07-27'),
(40105,54,'sales','2014-07-27'),(40106,54,'complimentary','2014-07-27'),
(40107,55,'sales','2014-07-27'),(40108,55,'complimentary','2014-07-27'),
(40109,56,'sales','2014-07-27'),(40110,56,'complimentary','2014-07-27'),
(40111,57,'sales','2014-07-27'),(40112,57,'complimentary','2014-07-27'),
(40113,58,'sales','2014-07-27'),(40114,58,'complimentary','2014-07-27'),
(40115,59,'sales','2014-07-27'),(40116,59,'complimentary','2014-07-27'),
(40117,60,'sales','2014-07-27'),(40118,60,'complimentary','2014-07-27'),
(40119,61,'sales','2014-07-27'),(40120,61,'complimentary','2014-07-27'),
(40121,62,'sales','2014-06-18'),(40122,62,'complimentary','2014-06-18'),
(40123,63,'sales','2014-06-18'),(40124,63,'complimentary','2014-06-18'),
(40125,64,'sales','2014-06-18'),(40126,64,'complimentary','2014-06-18'),
(40127,65,'sales','2014-06-18'),(40128,65,'complimentary','2014-06-18'),
(40129,66,'sales','2014-06-18'),(40130,66,'complimentary','2014-06-18'),
(40131,67,'sales','2014-06-18'),(40132,67,'complimentary','2014-06-18'),
(40133,68,'sales','2014-06-18'),(40134,68,'complimentary','2014-06-18'),
(40135,69,'sales','2014-06-18'),(40136,69,'complimentary','2014-06-18'),
(40137,70,'sales','2014-06-18'),(40138,70,'complimentary','2014-06-18'),
(40139,71,'sales','2014-06-18'),(40140,71,'complimentary','2014-06-18'),
(40141,72,'sales','2014-06-18'),(40142,72,'complimentary','2014-06-18'),
(40143,73,'sales','2014-06-18'),(40144,73,'complimentary','2014-06-18'),
(40145,74,'sales','2014-06-18'),(40146,74,'complimentary','2014-06-18'),
(40147,75,'sales','2014-06-18'),(40148,75,'complimentary','2014-06-18'),
(40149,76,'sales','2014-06-18'),(40150,76,'complimentary','2014-06-18'),
(40151,77,'sales','2014-06-19'),(40152,77,'complimentary','2014-06-19'),
(40153,78,'sales','2014-06-19'),(40154,78,'complimentary','2014-06-19'),
(40155,79,'sales','2014-06-19'),(40156,79,'complimentary','2014-06-19'),
(40157,80,'sales','2014-06-19'),(40158,80,'complimentary','2014-06-19'),
(40159,81,'sales','2014-06-19'),(40160,81,'complimentary','2014-06-19'),
(40161,82,'sales','2014-06-19'),(40162,82,'complimentary','2014-06-19'),
(40163,83,'sales','2014-06-19'),(40164,83,'complimentary','2014-06-19'),
(40165,84,'sales','2014-06-19'),(40166,84,'complimentary','2014-06-19'),
(40167,85,'sales','2014-06-19'),(40168,85,'complimentary','2014-06-19'),
(40169,86,'sales','2014-06-19'),(40170,86,'complimentary','2014-06-19'),
(40171,87,'sales','2014-06-19'),(40172,87,'complimentary','2014-06-19'),
(40173,88,'sales','2014-06-19'),(40174,88,'complimentary','2014-06-19'),
(40175,89,'sales','2014-06-19'),(40176,89,'complimentary','2014-06-19'),
(40177,90,'sales','2014-06-19'),(40178,90,'complimentary','2014-06-19'),
(40179,91,'sales','2014-06-19'),(40180,91,'complimentary','2014-06-19'),
(40181,92,'sales','2014-06-20'),(40182,92,'complimentary','2014-06-20'),
(40183,93,'sales','2014-06-20'),(40184,93,'complimentary','2014-06-20'),
(40185,94,'sales','2014-06-20'),(40186,94,'complimentary','2014-06-20'),
(40187,95,'sales','2014-06-20'),(40188,95,'complimentary','2014-06-20'),
(40189,96,'sales','2014-06-20'),(40190,96,'complimentary','2014-06-20'),
(40191,97,'sales','2014-06-20'),(40192,97,'complimentary','2014-06-20'),
(40193,98,'sales','2014-06-20'),(40194,98,'complimentary','2014-06-20'),
(40195,99,'sales','2014-06-20'),(40196,99,'complimentary','2014-06-20'),
(40197,100,'sales','2014-06-20'),(40198,100,'complimentary','2014-06-20'),
(40199,101,'sales','2014-06-20'),(40200,101,'complimentary','2014-06-20'),
(40201,102,'sales','2014-06-20'),(40202,102,'complimentary','2014-06-20'),
(40203,103,'sales','2014-06-20'),(40204,103,'complimentary','2014-06-20'),
(40205,104,'sales','2014-06-20'),(40206,104,'complimentary','2014-06-20'),
(40207,105,'sales','2014-06-20'),(40208,105,'complimentary','2014-06-20'),
(40209,106,'sales','2014-06-20'),(40210,106,'complimentary','2014-06-20');

/* NEED WEEKLY, MONTHLY AND YEARLY */


CREATE TABLE IF NOT EXISTS btf.sold(
	salesID int NOT NULL,
	recipeID int NOT NULL,
	quantity float NOT NULL,
	price float NOT NULL,
	actual float NOT NULL,
	FOREIGN KEY (salesID) REFERENCES btf.sales(salesID),	
	FOREIGN KEY (recipeID) REFERENCES btf.recipe(recipeID)
);

INSERT INTO btf.sold(salesID, recipeID, quantity, price) VALUES
(40001,20006,4,100),(40002,20006,0,100),
(40003,20007,3,110),(40004,20007,1,120),
(40005,20008,10,120),(40006,20008,0,110),
(40007,20009,6,110),(40008,20009,2,100),
(40009,20010,14,100),(40010,20010,0,100),
(40011,20011,5,100),(40012,20011,0,100),
(40013,20012,6,80),(40014,20012,0,80),
(40015,20013,9,100),(40016,20013,1,100),
(40017,20014,8,100),(40018,20014,0,100),
(40019,20015,12,100),(40020,20015,0,100),
(40021,20005,20,100),(40022,20005,0,100),
(40023,20004,12,100),(40024,20004,1,100),
(40025,20003,13,100),(40026,20003,0,100),
(40027,20002,12,100),(40028,20002,0,100),
(40029,20001,7,400),(40030,20001,0,400),
(40031,20001,5,100),(40032,20001,9,100),
(40033,20002,20,120),(40034,20002,5,120)
,(40035,20003,0,110),(40036,20003,5,110),
(40037,20004,4,150),(40038,20004,7,150),
(40039,20005,0,140),(40040,20005,1,140),
(40041,20006,0,120),(40042,20006,10,120),
(40043,20007,1,120),(40044,20007,80,120),
(40045,20008,10,100),(40046,20008,0,100),
(40047,20009,2,160),(40048,20009,15,160),
(40049,20010,30,170),(40050,20010,2,170),
(40051,20011,58,50),(40052,20011,2,50),
(40053,20012,69,169),(40054,20012,1,169),
(40055,20013,2,200),(40056,20013,0,200),
(40057,20014,0,220),(40058,20014,1,220),
(40059,20015,0,230),(40060,20015,0,230),
(40061,20001,2,100),(40062,20001,6,100),
(40063,20002,8,120),(40064,20002,9,120),
(40065,20003,4,110),(40066,20003,2,110),
(40067,20004,4,150),(40068,20004,5,150),
(40069,20005,2,140),(40070,20005,8,140),
(40071,20006,9,120),(40072,20006,3,120),
(40073,20007,5,120),(40074,20007,8,120),
(40075,20008,4,100),(40076,20008,2,100),
(40077,20009,0,160),(40078,20009,5,160),
(40079,20010,8,170),(40080,20010,4,170),
(40081,20011,2,50),(40082,20011,6,50),
(40083,20012,3,169),(40084,20012,5,169),
(40085,20013,47,200),(40086,20013,8,200),
(40087,20014,2,220),(40088,20014,3,220),
(40089,20015,6,230),(40090,20015,0,230),
(40091,20001,5,100),(40092,20001,6,100),
(40093,20002,9,120),(40094,20002,8,120),
(40095,20003,4,110),(40096,20003,2,110),
(40097,20004,1,150),(40098,20004,0,150),
(40099,20005,54,140),(40100,20005,8,140),
(40101,20006,8,120),(40102,20006,12,120),
(40103,20007,0,120),(40104,20007,5,120),
(40105,20008,5,100),(40106,20008,8,100),
(40107,20009,9,160),(40108,20009,4,160),
(40109,20010,7,170),(40110,20010,8,170),
(40111,20011,2,50),(40112,20011,8,50),
(40113,20012,4,169),(40114,20012,8,169),
(40115,20013,6,200),(40116,20013,4,200),
(40117,20014,2,220),(40118,20014,1,220),
(40119,20015,5,230),(40120,20015,4,230),
(40121,20001,5,100),(40122,20001,6,100),
(40123,20002,9,120),(40124,20002,4,120),
(40125,20003,8,110),(40126,20003,2,110),
(40127,20004,3,150),(40128,20004,6,150),
(40129,20005,4,140),(40130,20005,2,140),
(40131,20006,5,120),(40132,20006,8,120),
(40133,20007,9,120),(40134,20007,4,120),
(40135,20008,21,100),(40136,20008,2,100),
(40137,20009,1,160),(40138,20009,0,160),
(40139,20010,2,170),(40140,20010,5,170),
(40141,20011,8,50),(40142,20011,6,50),
(40143,20012,8,169),(40144,20012,7,169),
(40145,20013,4,200),(40146,20013,8,200),
(40147,20014,9,220),(40148,20014,4,220),
(40149,20015,6,230),(40150,20015,4,230),
(40151,20001,8,100),(40152,20001,9,100),
(40153,20002,4,120),(40154,20002,1,120),
(40155,20003,3,110),(40156,20003,6,110),
(40157,20004,4,150),(40158,20004,1,150),
(40159,20005,20,140),(40160,20005,9,140),
(40161,20006,2,120),(40162,20006,1,120),
(40163,20007,0,120),(40164,20007,0,120),
(40165,20008,1,100),(40166,20008,5,100),
(40167,20009,6,160),(40168,20009,4,160),
(40169,20010,5,170),(40170,20010,7,170),
(40171,20011,9,50),(40172,20011,8,50),
(40173,20012,2,169),(40174,20012,2,169),
(40175,20013,1,200),(40176,20013,3,200),
(40177,20014,1,220),(40178,20014,4,220),
(40179,20015,2,230),(40180,20015,3,230),
(40181,20001,0,100),(40182,20001,5,100),
(40183,20002,1,120),(40184,20002,2,120),
(40185,20003,4,110),(40186,20003,9,110),
(40187,20004,2,150),(40188,20004,3,150),
(40189,20005,6,140),(40190,20005,1,140),
(40191,20006,5,120),(40192,20006,4,120),
(40193,20007,6,120),(40194,20007,9,120),
(40195,20008,3,100),(40196,20008,5,100),
(40197,20009,1,160),(40198,20009,3,160),
(40199,20010,4,170),(40200,20010,63,170),
(40201,20011,5,50),(40202,20011,13,50),
(40203,20012,1,169),(40204,20012,4,169),
(40205,20013,5,200),(40206,20013,8,200),
(40207,20014,7,220),(40208,20014,4,220),
(40209,20015,1,230),(40210,20015,5,230);

/* NEED WEEKLY, MONTHLY AND YEARLY */




CREATE TABLE IF NOT EXISTS btf.transactions(
	transactionID int NOT NULL UNIQUE AUTO_INCREMENT,
	transaction_date date NOT NULL,
	transaction_type varchar(50) NOT NULL,
	PRIMARY KEY (transactionID)
);

INSERT INTO btf.transactions(transactionID, transaction_date, transaction_type) VALUES
(50001, "2014-07-01", "transfer"), (50002, "2014-07-01", "used"), (50003, "2014-07-01", "actual"), (50004, "2014-07-01", "deliver"), (50005, "2014-07-01", "wastage"),
(50006, "2014-07-01", "transfer"), (50007, "2014-07-01", "used"), (50008, "2014-07-01", "actual"), (50009, "2014-07-01", "deliver"), (50010, "2014-07-01", "wastage"),
(50011, "2014-07-01", "transfer"), (50012, "2014-07-01", "used"), (50013, "2014-07-01", "actual"), (50014, "2014-07-01", "deliver"), (50015, "2014-07-01", "wastage"),
(50016, "2014-07-01", "transfer"), (50017, "2014-07-01", "used"), (50018, "2014-07-01", "actual"), (50019, "2014-07-01", "deliver"), (50020, "2014-07-01", "wastage"),
(50021, "2014-07-01", "transfer"), (50022, "2014-07-01", "used"), (50023, "2014-07-01", "actual"), (50024, "2014-07-01", "deliver"), (50025, "2014-07-01", "wastage"),
(50026, "2014-07-01", "transfer"), (50027, "2014-07-01", "used"), (50028, "2014-07-01", "actual"), (50029, "2014-07-01", "deliver"), (50030, "2014-07-01", "wastage"),
(50031, "2014-07-01", "transfer"), (50032, "2014-07-01", "used"), (50033, "2014-07-01", "actual"), (50034, "2014-07-01", "deliver"), (50035, "2014-07-01", "wastage"),
(50036, "2014-07-01", "transfer"), (50037, "2014-07-01", "used"), (50038, "2014-07-01", "actual"), (50039, "2014-07-01", "deliver"), (50040, "2014-07-01", "wastage"),
(50041, "2014-07-01", "transfer"), (50042, "2014-07-01", "used"),(50043, "2014-07-01", "actual"), (50044, "2014-07-01", "deliver"), (50045, "2014-07-01", "wastage"),
(50046, "2014-07-01", "transfer"), (50047, "2014-07-01", "used"), (50048, "2014-07-01", "actual"), (50049, "2014-07-01", "deliver"), (50050, "2014-07-01", "wastage"),
(50051, "2014-07-01", "transfer"), (50052, "2014-07-01", "used"), (50053, "2014-07-01", "actual"), (50054, "2014-07-01", "deliver"),(50055, "2014-07-01", "wastage"),
(50056, "2014-07-01", "transfer"), (50057, "2014-07-01", "used"), (50058, "2014-07-01", "actual"), (50059, "2014-07-01", "deliver"), (50060, "2014-07-01", "wastage"),
(50061, "2014-07-01", "transfer"), (50062, "2014-07-01", "used"), (50063, "2014-07-01", "actual"), (50064, "2014-07-01", "deliver"), (50065, "2014-07-01", "wastage"),
(50066, "2014-07-01", "transfer"), (50067, "2014-07-01", "used"), (50068, "2014-07-01", "actual"), (50069, "2014-07-01", "deliver"), (50070, "2014-07-01", "wastage"),
(50071, "2014-07-01", "transfer"), (50072, "2014-07-01", "used"), (50073, "2014-07-01", "actual"), (50074, "2014-07-01", "deliver"), (50075, "2014-07-01", "wastage"),
(50076, "2014-07-01", "transfer"), (50077, "2014-07-01", "used"), (50078, "2014-07-01", "actual"), (50079, "2014-07-01", "deliver"), (50080, "2014-07-01", "wastage"),
(50081, "2014-07-01", "transfer"), (50082, "2014-07-01", "used"), (50083, "2014-07-01", "actual"), (50084, "2014-07-01", "deliver"), (50085, "2014-07-01", "wastage"),
(50086, "2014-07-01", "transfer"), (50087, "2014-07-01", "used"), (50088, "2014-07-01", "actual"), (50089, "2014-07-01", "deliver"), (50090, "2014-07-01", "wastage"),
(50091, "2014-07-01", "transfer"), (50092, "2014-07-01", "used"), (50093, "2014-07-01", "actual"), (50094, "2014-07-01", "deliver"), (50095, "2014-07-01", "wastage"),
(50096, "2014-07-01", "transfer"), (50097, "2014-07-01", "used"), (50098, "2014-07-01", "actual"), (50099, "2014-07-01", "deliver"), (50100, "2014-07-01", "wastage"),
(50101,'2014-07-25','transfer'),(50102,'2014-07-25','used'),(50103,'2014-07-25','actual'),(50104,'2014-07-25','deliver'),(50105,'2014-07-25','wastage'),
(50106,'2014-07-25','transfer'),(50107,'2014-07-25','used'),(50108,'2014-07-25','actual'),(50109,'2014-07-25','deliver'),(50110,'2014-07-25','wastage'),
(50111,'2014-07-25','transfer'),(50112,'2014-07-25','used'),(50113,'2014-07-25','actual'),(50114,'2014-07-25','deliver'),(50115,'2014-07-25','wastage'),
(50116,'2014-07-25','transfer'),(50117,'2014-07-25','used'),(50118,'2014-07-25','actual'),(50119,'2014-07-25','deliver'),(50120,'2014-07-25','wastage'),
(50121,'2014-07-25','transfer'),(50122,'2014-07-25','used'),(50123,'2014-07-25','actual'),(50124,'2014-07-25','deliver'),(50125,'2014-07-25','wastage'),
(50126,'2014-07-25','transfer'),(50127,'2014-07-25','used'),(50128,'2014-07-25','actual'),(50129,'2014-07-25','deliver'),(50130,'2014-07-25','wastage'),
(50131,'2014-07-25','transfer'),(50132,'2014-07-25','used'),(50133,'2014-07-25','actual'),(50134,'2014-07-25','deliver'),(50135,'2014-07-25','wastage'),
(50136,'2014-07-25','transfer'),(50137,'2014-07-25','used'),(50138,'2014-07-25','actual'),(50139,'2014-07-25','deliver'),(50140,'2014-07-25','wastage'),
(50141,'2014-07-25','transfer'),(50142,'2014-07-25','used'),(50143,'2014-07-25','actual'),(50144,'2014-07-25','deliver'),(50145,'2014-07-25','wastage'),
(50146,'2014-07-25','transfer'),(50147,'2014-07-25','used'),(50148,'2014-07-25','actual'),(50149,'2014-07-25','deliver'),(50150,'2014-07-25','wastage'),
(50151,'2014-07-25','transfer'),(50152,'2014-07-25','used'),(50153,'2014-07-25','actual'),(50154,'2014-07-25','deliver'),(50155,'2014-07-25','wastage'),
(50156,'2014-07-25','transfer'),(50157,'2014-07-25','used'),(50158,'2014-07-25','actual'),(50159,'2014-07-25','deliver'),(50160,'2014-07-25','wastage'),
(50161,'2014-07-25','transfer'),(50162,'2014-07-25','used'),(50163,'2014-07-25','actual'),(50164,'2014-07-25','deliver'),(50165,'2014-07-25','wastage'),
(50166,'2014-07-25','transfer'),(50167,'2014-07-25','used'),(50168,'2014-07-25','actual'),(50169,'2014-07-25','deliver'),(50170,'2014-07-25','wastage'),
(50171,'2014-07-25','transfer'),(50172,'2014-07-25','used'),(50173,'2014-07-25','actual'),(50174,'2014-07-25','deliver'),(50175,'2014-07-25','wastage'),
(50176,'2014-07-25','transfer'),(50177,'2014-07-25','used'),(50178,'2014-07-25','actual'),(50179,'2014-07-25','deliver'),(50180,'2014-07-25','wastage'),
(50181,'2014-07-25','transfer'),(50182,'2014-07-25','used'),(50183,'2014-07-25','actual'),(50184,'2014-07-25','deliver'),(50185,'2014-07-25','wastage'),
(50186,'2014-07-25','transfer'),(50187,'2014-07-25','used'),(50188,'2014-07-25','actual'),(50189,'2014-07-25','deliver'),(50190,'2014-07-25','wastage'),
(50191,'2014-07-25','transfer'),(50192,'2014-07-25','used'),(50193,'2014-07-25','actual'),(50194,'2014-07-25','deliver'),(50195,'2014-07-25','wastage'),
(50196,'2014-07-25','transfer'),(50197,'2014-07-25','used'),(50198,'2014-07-25','actual'),(50199,'2014-07-25','deliver'),(50200,'2014-07-25','wastage'),
(50201,'2014-07-26','transfer'),(50202,'2014-07-26','used'),(50203,'2014-07-26','actual'),(50204,'2014-07-26','deliver'),(50205,'2014-07-26','wastage'),
(50206,'2014-07-26','transfer'),(50207,'2014-07-26','used'),(50208,'2014-07-26','actual'),(50209,'2014-07-26','deliver'),(50210,'2014-07-26','wastage'),
(50211,'2014-07-26','transfer'),(50212,'2014-07-26','used'),(50213,'2014-07-26','actual'),(50214,'2014-07-26','deliver'),(50215,'2014-07-26','wastage'),
(50216,'2014-07-26','transfer'),(50217,'2014-07-26','used'),(50218,'2014-07-26','actual'),(50219,'2014-07-26','deliver'),(50220,'2014-07-26','wastage'),
(50221,'2014-07-26','transfer'),(50222,'2014-07-26','used'),(50223,'2014-07-26','actual'),(50224,'2014-07-26','deliver'),(50225,'2014-07-26','wastage'),
(50226,'2014-07-26','transfer'),(50227,'2014-07-26','used'),(50228,'2014-07-26','actual'),(50229,'2014-07-26','deliver'),(50230,'2014-07-26','wastage'),
(50231,'2014-07-26','transfer'),(50232,'2014-07-26','used'),(50233,'2014-07-26','actual'),(50234,'2014-07-26','deliver'),(50235,'2014-07-26','wastage'),
(50236,'2014-07-26','transfer'),(50237,'2014-07-26','used'),(50238,'2014-07-26','actual'),(50239,'2014-07-26','deliver'),(50240,'2014-07-26','wastage'),
(50241,'2014-07-26','transfer'),(50242,'2014-07-26','used'),(50243,'2014-07-26','actual'),(50244,'2014-07-26','deliver'),(50245,'2014-07-26','wastage'),
(50246,'2014-07-26','transfer'),(50247,'2014-07-26','used'),(50248,'2014-07-26','actual'),(50249,'2014-07-26','deliver'),(50250,'2014-07-26','wastage'),
(50251,'2014-07-26','transfer'),(50252,'2014-07-26','used'),(50253,'2014-07-26','actual'),(50254,'2014-07-26','deliver'),(50255,'2014-07-26','wastage'),
(50256,'2014-07-26','transfer'),(50257,'2014-07-26','used'),(50258,'2014-07-26','actual'),(50259,'2014-07-26','deliver'),(50260,'2014-07-26','wastage'),
(50261,'2014-07-26','transfer'),(50262,'2014-07-26','used'),(50263,'2014-07-26','actual'),(50264,'2014-07-26','deliver'),(50265,'2014-07-26','wastage'),
(50266,'2014-07-26','transfer'),(50267,'2014-07-26','used'),(50268,'2014-07-26','actual'),(50269,'2014-07-26','deliver'),(50270,'2014-07-26','wastage'),
(50271,'2014-07-26','transfer'),(50272,'2014-07-26','used'),(50273,'2014-07-26','actual'),(50274,'2014-07-26','deliver'),(50275,'2014-07-26','wastage'),
(50276,'2014-07-26','transfer'),(50277,'2014-07-26','used'),(50278,'2014-07-26','actual'),(50279,'2014-07-26','deliver'),(50280,'2014-07-26','wastage'),
(50281,'2014-07-26','transfer'),(50282,'2014-07-26','used'),(50283,'2014-07-26','actual'),(50284,'2014-07-26','deliver'),(50285,'2014-07-26','wastage'),
(50286,'2014-07-26','transfer'),(50287,'2014-07-26','used'),(50288,'2014-07-26','actual'),(50289,'2014-07-26','deliver'),(50290,'2014-07-26','wastage'),
(50291,'2014-07-26','transfer'),(50292,'2014-07-26','used'),(50293,'2014-07-26','actual'),(50294,'2014-07-26','deliver'),(50295,'2014-07-26','wastage'),
(50296,'2014-07-26','transfer'),(50297,'2014-07-26','used'),(50298,'2014-07-26','actual'),(50299,'2014-07-26','deliver'),(50300,'2014-07-26','wastage'),
(50301,'2014-07-27','transfer'),(50302,'2014-07-27','used'),(50303,'2014-07-27','actual'),(50304,'2014-07-27','deliver'),(50305,'2014-07-27','wastage'),
(50306,'2014-07-27','transfer'),(50307,'2014-07-27','used'),(50308,'2014-07-27','actual'),(50309,'2014-07-27','deliver'),(50310,'2014-07-27','wastage'),
(50311,'2014-07-27','transfer'),(50312,'2014-07-27','used'),(50313,'2014-07-27','actual'),(50314,'2014-07-27','deliver'),(50315,'2014-07-27','wastage'),
(50316,'2014-07-27','transfer'),(50317,'2014-07-27','used'),(50318,'2014-07-27','actual'),(50319,'2014-07-27','deliver'),(50320,'2014-07-27','wastage'),
(50321,'2014-07-27','transfer'),(50322,'2014-07-27','used'),(50323,'2014-07-27','actual'),(50324,'2014-07-27','deliver'),(50325,'2014-07-27','wastage'),
(50326,'2014-07-27','transfer'),(50327,'2014-07-27','used'),(50328,'2014-07-27','actual'),(50329,'2014-07-27','deliver'),(50330,'2014-07-27','wastage'),
(50331,'2014-07-27','transfer'),(50332,'2014-07-27','used'),(50333,'2014-07-27','actual'),(50334,'2014-07-27','deliver'),(50335,'2014-07-27','wastage'),
(50336,'2014-07-27','transfer'),(50337,'2014-07-27','used'),(50338,'2014-07-27','actual'),(50339,'2014-07-27','deliver'),(50340,'2014-07-27','wastage'),
(50341,'2014-07-27','transfer'),(50342,'2014-07-27','used'),(50343,'2014-07-27','actual'),(50344,'2014-07-27','deliver'),(50345,'2014-07-27','wastage'),
(50346,'2014-07-27','transfer'),(50347,'2014-07-27','used'),(50348,'2014-07-27','actual'),(50349,'2014-07-27','deliver'),(50350,'2014-07-27','wastage'),
(50351,'2014-07-27','transfer'),(50352,'2014-07-27','used'),(50353,'2014-07-27','actual'),(50354,'2014-07-27','deliver'),(50355,'2014-07-27','wastage'),
(50356,'2014-07-27','transfer'),(50357,'2014-07-27','used'),(50358,'2014-07-27','actual'),(50359,'2014-07-27','deliver'),(50360,'2014-07-27','wastage'),
(50361,'2014-07-27','transfer'),(50362,'2014-07-27','used'),(50363,'2014-07-27','actual'),(50364,'2014-07-27','deliver'),(50365,'2014-07-27','wastage'),
(50366,'2014-07-27','transfer'),(50367,'2014-07-27','used'),(50368,'2014-07-27','actual'),(50369,'2014-07-27','deliver'),(50370,'2014-07-27','wastage'),
(50371,'2014-07-27','transfer'),(50372,'2014-07-27','used'),(50373,'2014-07-27','actual'),(50374,'2014-07-27','deliver'),(50375,'2014-07-27','wastage'),
(50376,'2014-07-27','transfer'),(50377,'2014-07-27','used'),(50378,'2014-07-27','actual'),(50379,'2014-07-27','deliver'),(50380,'2014-07-27','wastage'),
(50381,'2014-07-27','transfer'),(50382,'2014-07-27','used'),(50383,'2014-07-27','actual'),(50384,'2014-07-27','deliver'),(50385,'2014-07-27','wastage'),
(50386,'2014-07-27','transfer'),(50387,'2014-07-27','used'),(50388,'2014-07-27','actual'),(50389,'2014-07-27','deliver'),(50390,'2014-07-27','wastage'),
(50391,'2014-07-27','transfer'),(50392,'2014-07-27','used'),(50393,'2014-07-27','actual'),(50394,'2014-07-27','deliver'),(50395,'2014-07-27','wastage'),
(50396,'2014-07-27','transfer'),(50397,'2014-07-27','used'),(50398,'2014-07-27','actual'),(50399,'2014-07-27','deliver'),(50400,'2014-07-27','wastage'),
(50401,'2014-06-18','transfer'),(50402,'2014-06-18','used'),(50403,'2014-06-18','actual'),(50404,'2014-06-18','deliver'),(50405,'2014-06-18','wastage'),
(50406,'2014-06-18','transfer'),(50407,'2014-06-18','used'),(50408,'2014-06-18','actual'),(50409,'2014-06-18','deliver'),(50410,'2014-06-18','wastage'),
(50411,'2014-06-18','transfer'),(50412,'2014-06-18','used'),(50413,'2014-06-18','actual'),(50414,'2014-06-18','deliver'),(50415,'2014-06-18','wastage'),
(50416,'2014-06-18','transfer'),(50417,'2014-06-18','used'),(50418,'2014-06-18','actual'),(50419,'2014-06-18','deliver'),(50420,'2014-06-18','wastage'),
(50421,'2014-06-18','transfer'),(50422,'2014-06-18','used'),(50423,'2014-06-18','actual'),(50424,'2014-06-18','deliver'),(50425,'2014-06-18','wastage'),
(50426,'2014-06-18','transfer'),(50427,'2014-06-18','used'),(50428,'2014-06-18','actual'),(50429,'2014-06-18','deliver'),(50430,'2014-06-18','wastage'),
(50431,'2014-06-18','transfer'),(50432,'2014-06-18','used'),(50433,'2014-06-18','actual'),(50434,'2014-06-18','deliver'),(50435,'2014-06-18','wastage'),
(50436,'2014-06-18','transfer'),(50437,'2014-06-18','used'),(50438,'2014-06-18','actual'),(50439,'2014-06-18','deliver'),(50440,'2014-06-18','wastage'),
(50441,'2014-06-18','transfer'),(50442,'2014-06-18','used'),(50443,'2014-06-18','actual'),(50444,'2014-06-18','deliver'),(50445,'2014-06-18','wastage'),
(50446,'2014-06-18','transfer'),(50447,'2014-06-18','used'),(50448,'2014-06-18','actual'),(50449,'2014-06-18','deliver'),(50450,'2014-06-18','wastage'),
(50451,'2014-06-18','transfer'),(50452,'2014-06-18','used'),(50453,'2014-06-18','actual'),(50454,'2014-06-18','deliver'),(50455,'2014-06-18','wastage'),
(50456,'2014-06-18','transfer'),(50457,'2014-06-18','used'),(50458,'2014-06-18','actual'),(50459,'2014-06-18','deliver'),(50460,'2014-06-18','wastage'),
(50461,'2014-06-18','transfer'),(50462,'2014-06-18','used'),(50463,'2014-06-18','actual'),(50464,'2014-06-18','deliver'),(50465,'2014-06-18','wastage'),
(50466,'2014-06-18','transfer'),(50467,'2014-06-18','used'),(50468,'2014-06-18','actual'),(50469,'2014-06-18','deliver'),(50470,'2014-06-18','wastage'),
(50471,'2014-06-18','transfer'),(50472,'2014-06-18','used'),(50473,'2014-06-18','actual'),(50474,'2014-06-18','deliver'),(50475,'2014-06-18','wastage'),
(50476,'2014-06-18','transfer'),(50477,'2014-06-18','used'),(50478,'2014-06-18','actual'),(50479,'2014-06-18','deliver'),(50480,'2014-06-18','wastage'),
(50481,'2014-06-18','transfer'),(50482,'2014-06-18','used'),(50483,'2014-06-18','actual'),(50484,'2014-06-18','deliver'),(50485,'2014-06-18','wastage'),
(50486,'2014-06-18','transfer'),(50487,'2014-06-18','used'),(50488,'2014-06-18','actual'),(50489,'2014-06-18','deliver'),(50490,'2014-06-18','wastage'),
(50491,'2014-06-18','transfer'),(50492,'2014-06-18','used'),(50493,'2014-06-18','actual'),(50494,'2014-06-18','deliver'),(50495,'2014-06-18','wastage'),
(50496,'2014-06-18','transfer'),(50497,'2014-06-18','used'),(50498,'2014-06-18','actual'),(50499,'2014-06-18','deliver'),(50500,'2014-06-18','wastage'),
(50501,'2014-06-19','transfer'),(50502,'2014-06-19','used'),(50503,'2014-06-19','actual'),(50504,'2014-06-19','deliver'),(50505,'2014-06-19','wastage'),
(50506,'2014-06-19','transfer'),(50507,'2014-06-19','used'),(50508,'2014-06-19','actual'),(50509,'2014-06-19','deliver'),(50510,'2014-06-19','wastage'),
(50511,'2014-06-19','transfer'),(50512,'2014-06-19','used'),(50513,'2014-06-19','actual'),(50514,'2014-06-19','deliver'),(50515,'2014-06-19','wastage'),
(50516,'2014-06-19','transfer'),(50517,'2014-06-19','used'),(50518,'2014-06-19','actual'),(50519,'2014-06-19','deliver'),(50520,'2014-06-19','wastage'),
(50521,'2014-06-19','transfer'),(50522,'2014-06-19','used'),(50523,'2014-06-19','actual'),(50524,'2014-06-19','deliver'),(50525,'2014-06-19','wastage'),
(50526,'2014-06-19','transfer'),(50527,'2014-06-19','used'),(50528,'2014-06-19','actual'),(50529,'2014-06-19','deliver'),(50530,'2014-06-19','wastage'),
(50531,'2014-06-19','transfer'),(50532,'2014-06-19','used'),(50533,'2014-06-19','actual'),(50534,'2014-06-19','deliver'),(50535,'2014-06-19','wastage'),
(50536,'2014-06-19','transfer'),(50537,'2014-06-19','used'),(50538,'2014-06-19','actual'),(50539,'2014-06-19','deliver'),(50540,'2014-06-19','wastage'),
(50541,'2014-06-19','transfer'),(50542,'2014-06-19','used'),(50543,'2014-06-19','actual'),(50544,'2014-06-19','deliver'),(50545,'2014-06-19','wastage'),
(50546,'2014-06-19','transfer'),(50547,'2014-06-19','used'),(50548,'2014-06-19','actual'),(50549,'2014-06-19','deliver'),(50550,'2014-06-19','wastage'),
(50551,'2014-06-19','transfer'),(50552,'2014-06-19','used'),(50553,'2014-06-19','actual'),(50554,'2014-06-19','deliver'),(50555,'2014-06-19','wastage'),
(50556,'2014-06-19','transfer'),(50557,'2014-06-19','used'),(50558,'2014-06-19','actual'),(50559,'2014-06-19','deliver'),(50560,'2014-06-19','wastage'),
(50561,'2014-06-19','transfer'),(50562,'2014-06-19','used'),(50563,'2014-06-19','actual'),(50564,'2014-06-19','deliver'),(50565,'2014-06-19','wastage'),
(50566,'2014-06-19','transfer'),(50567,'2014-06-19','used'),(50568,'2014-06-19','actual'),(50569,'2014-06-19','deliver'),(50570,'2014-06-19','wastage'),
(50571,'2014-06-19','transfer'),(50572,'2014-06-19','used'),(50573,'2014-06-19','actual'),(50574,'2014-06-19','deliver'),(50575,'2014-06-19','wastage'),
(50576,'2014-06-19','transfer'),(50577,'2014-06-19','used'),(50578,'2014-06-19','actual'),(50579,'2014-06-19','deliver'),(50580,'2014-06-19','wastage'),
(50581,'2014-06-19','transfer'),(50582,'2014-06-19','used'),(50583,'2014-06-19','actual'),(50584,'2014-06-19','deliver'),(50585,'2014-06-19','wastage'),
(50586,'2014-06-19','transfer'),(50587,'2014-06-19','used'),(50588,'2014-06-19','actual'),(50589,'2014-06-19','deliver'),(50590,'2014-06-19','wastage'),
(50591,'2014-06-19','transfer'),(50592,'2014-06-19','used'),(50593,'2014-06-19','actual'),(50594,'2014-06-19','deliver'),(50595,'2014-06-19','wastage'),
(50596,'2014-06-19','transfer'),(50597,'2014-06-19','used'),(50598,'2014-06-19','actual'),(50599,'2014-06-19','deliver'),(50600,'2014-06-19','wastage'),
(50601,'2014-06-20','transfer'),(50602,'2014-06-20','used'),(50603,'2014-06-20','actual'),(50604,'2014-06-20','deliver'),(50605,'2014-06-20','wastage'),
(50606,'2014-06-20','transfer'),(50607,'2014-06-20','used'),(50608,'2014-06-20','actual'),(50609,'2014-06-20','deliver'),(50610,'2014-06-20','wastage'),
(50611,'2014-06-20','transfer'),(50612,'2014-06-20','used'),(50613,'2014-06-20','actual'),(50614,'2014-06-20','deliver'),(50615,'2014-06-20','wastage'),
(50616,'2014-06-20','transfer'),(50617,'2014-06-20','used'),(50618,'2014-06-20','actual'),(50619,'2014-06-20','deliver'),(50620,'2014-06-20','wastage'),
(50621,'2014-06-20','transfer'),(50622,'2014-06-20','used'),(50623,'2014-06-20','actual'),(50624,'2014-06-20','deliver'),(50625,'2014-06-20','wastage'),
(50626,'2014-06-20','transfer'),(50627,'2014-06-20','used'),(50628,'2014-06-20','actual'),(50629,'2014-06-20','deliver'),(50630,'2014-06-20','wastage'),
(50631,'2014-06-20','transfer'),(50632,'2014-06-20','used'),(50633,'2014-06-20','actual'),(50634,'2014-06-20','deliver'),(50635,'2014-06-20','wastage'),
(50636,'2014-06-20','transfer'),(50637,'2014-06-20','used'),(50638,'2014-06-20','actual'),(50639,'2014-06-20','deliver'),(50640,'2014-06-20','wastage'),
(50641,'2014-06-20','transfer'),(50642,'2014-06-20','used'),(50643,'2014-06-20','actual'),(50644,'2014-06-20','deliver'),(50645,'2014-06-20','wastage'),
(50646,'2014-06-20','transfer'),(50647,'2014-06-20','used'),(50648,'2014-06-20','actual'),(50649,'2014-06-20','deliver'),(50650,'2014-06-20','wastage'),
(50651,'2014-06-20','transfer'),(50652,'2014-06-20','used'),(50653,'2014-06-20','actual'),(50654,'2014-06-20','deliver'),(50655,'2014-06-20','wastage'),
(50656,'2014-06-20','transfer'),(50657,'2014-06-20','used'),(50658,'2014-06-20','actual'),(50659,'2014-06-20','deliver'),(50660,'2014-06-20','wastage'),
(50661,'2014-06-20','transfer'),(50662,'2014-06-20','used'),(50663,'2014-06-20','actual'),(50664,'2014-06-20','deliver'),(50665,'2014-06-20','wastage'),
(50666,'2014-06-20','transfer'),(50667,'2014-06-20','used'),(50668,'2014-06-20','actual'),(50669,'2014-06-20','deliver'),(50670,'2014-06-20','wastage'),
(50671,'2014-06-20','transfer'),(50672,'2014-06-20','used'),(50673,'2014-06-20','actual'),(50674,'2014-06-20','deliver'),(50675,'2014-06-20','wastage'),
(50676,'2014-06-20','transfer'),(50677,'2014-06-20','used'),(50678,'2014-06-20','actual'),(50679,'2014-06-20','deliver'),(50680,'2014-06-20','wastage'),
(50681,'2014-06-20','transfer'),(50682,'2014-06-20','used'),(50683,'2014-06-20','actual'),(50684,'2014-06-20','deliver'),(50685,'2014-06-20','wastage'),
(50686,'2014-06-20','transfer'),(50687,'2014-06-20','used'),(50688,'2014-06-20','actual'),(50689,'2014-06-20','deliver'),(50690,'2014-06-20','wastage'),
(50691,'2014-06-20','transfer'),(50692,'2014-06-20','used'),(50693,'2014-06-20','actual'),(50694,'2014-06-20','deliver'),(50695,'2014-06-20','wastage'),
(50696,'2014-06-20','transfer'),(50697,'2014-06-20','used'),(50698,'2014-06-20','actual'),(50699,'2014-06-20','deliver'),(50700,'2014-06-20','wastage');

CREATE TABLE IF NOT EXISTS btf.transact(
	transactionID int NOT NULL,
	rawID int NOT NULL,
	quantity float NOT NULL,
	price float NOT NULL,
	FOREIGN KEY (transactionID) REFERENCES btf.transactions(transactionID),	
	FOREIGN KEY (rawID) REFERENCES btf.raw(rawID)
);

INSERT INTO btf.transact(transactionID, rawID, quantity, price) values
(50001, 30015, 3), (50002, 30015, 1), (50003, 30015, 2), (50004, 30015, 1), (50005, 30015, 0),
(50006, 30016, 3), (50007, 30016, 0), (50008, 30016, 1), (50009, 30016, 2), (50010, 30016, 0),
(50011, 30017, 1), (50012, 30017, 2), (50013, 30017, 0), (50014, 30017, 2), (50015, 30017, 1),
(50016, 30018, 4), (50017, 30018, 0), (50018, 30018, 3), (50019, 30018, 7), (50020, 30018, 0),
(50021, 30019, 5), (50022, 30019, 2), (50023, 30019, 2), (50024, 30019, 10), (50025, 30019, 1),
(50026, 30020, 5), (50027, 30020, 1), (50028, 30020, 17), (50029, 30020, 15), (50030, 30020, 1),
(50031, 30014, 7), (50032, 30014, 1), (50033, 30014, 15), (50034, 30014, 10), (50035, 30014, 2),
(50036, 30013, 9), (50037, 30013, 3), (50038, 30013, 15), (50039, 30013, 10), (50040, 30013, 1),
(50041, 30012, 0), (50042, 30012, 1), (50043, 30012, 10), (50044, 30012, 10), (50045, 30012, 2),
(50046, 30011, 2), (50047, 30011, 1), (50048, 30011, 17), (50049, 30011, 10), (50050, 30011, 2),
(50051, 30010, 2), (50052, 30010, 1), (50053, 30010, 17), (50054, 30010, 12), (50055, 30010, 1),
(50056, 30001, 10), (50057, 30001, 0), (50058, 30001, 12), (50059, 30001, 7), (50060, 30001, 0),
(50061, 30002, 9), (50062, 30002, 2), (50063, 30002, 18), (50064, 30002, 7), (50065, 30002, 2),
(50066, 30003, 15), (50067, 30003, 4), (50068, 30003, 12), (50069, 30003, 25), (50070, 30003, 0),
(50071, 30004, 3), (50072, 30004, 7), (50073, 30004, 1), (50074, 30004, 13), (50075, 30004, 2),
(50076, 30005, 12), (50077, 30005, 1), (50078, 30005, 19), (50079, 30005, 14), (50080, 30005, 1),
(50081, 30009, 3), (50082, 30009, 2), (50083, 30009, 17), (50084, 30009, 12), (50085, 30009, 1),
(50086, 30008, 10), (50087, 30008, 5), (50088, 30008, 22), (50089, 30008, 19), (50090, 30008, 1),
(50091, 30007, 12), (50092, 30007, 2), (50093, 30007, 18), (50094, 30007, 10), (50095, 30007, 2),
(50096, 30006, 6), (50097, 30006, 3), (50098, 30006, 15), (50099, 30006, 9), (50100, 30006, 2),
(50101,30001,26),(50102,30001,28),(50103,30001,22),(50104,30001,24),(50105,30001,22),
(50106,30002,42),(50107,30002,27),(50108,30002,28),(50109,30002,9),(50110,30002,8),
(50111,30003,4),(50112,30003,4),(50113,30003,4),(50114,30003,8),(50115,30003,8),
(50116,30004,4),(50117,30004,1),(50118,30004,6),(50119,30004,3),(50120,30004,2),
(50121,30005,6),(50122,30005,5),(50123,30005,13),(50124,30005,1),(50125,30005,15),
(50126,30006,0),(50127,30006,5),(50128,30006,19),(50129,30006,2),(50130,30006,5),
(50131,30007,6),(50132,30007,3),(50133,30007,8),(50134,30007,9),(50135,30007,7),
(50136,30008,14),(50137,30008,9),(50138,30008,6),(50139,30008,5),(50140,30008,1),
(50141,30009,2),(50142,30009,3),(50143,30009,8),(50144,30009,9),(50145,30009,4),
(50146,30010,5),(50147,30010,6),(50148,30010,8),(50149,30010,1),(50150,30010,8),
(50151,30011,1),(50152,30011,1),(50153,30011,9),(50154,30011,5),(50155,30011,4),
(50156,30012,2),(50157,30012,6),(50158,30012,3),(50159,30012,2),(50160,30012,4),
(50161,30013,5),(50162,30013,2),(50163,30013,1),(50164,30013,6),(50165,30013,2),
(50166,30014,8),(50167,30014,4),(50168,30014,3),(50169,30014,1),(50170,30014,2),
(50171,30015,5),(50172,30015,8),(50173,30015,9),(50174,30015,6),(50175,30015,4),
(50176,30016,2),(50177,30016,1),(50178,30016,3),(50179,30016,2),(50180,30016,1),
(50181,30017,2),(50182,30017,5),(50183,30017,8),(50184,30017,9),(50185,30017,6),
(50186,30018,7),(50187,30018,5),(50188,30018,1),(50189,30018,5),(50190,30018,4),
(50191,30019,2),(50192,30019,1),(50193,30019,1),(50194,30019,2),(50195,30019,5),
(50196,30020,2),(50197,30020,6),(50198,30020,3),(50199,30020,4),(50200,30020,5),
(50201,30001,3),(50202,30001,1),(50203,30001,2),(50204,30001,1),(50205,30001,0),
(50206,30002,3),(50207,30002,0),(50208,30002,1),(50209,30002,2),(50210,30002,0),
(50211,30003,1),(50212,30003,2),(50213,30003,0),(50214,30003,2),(50215,30003,1),
(50216,30004,4),(50217,30004,0),(50218,30004,3),(50219,30004,7),(50220,30004,0),
(50221,30005,5),(50222,30005,2),(50223,30005,2),(50224,30005,10),(50225,30005,1),
(50226,30006,5),(50227,30006,1),(50228,30006,17),(50229,30006,15),(50230,30006,1),
(50231,30007,7),(50232,30007,1),(50233,30007,15),(50234,30007,10),(50235,30007,2),
(50236,30008,9),(50237,30008,3),(50238,30008,15),(50239,30008,10),(50240,30008,1),
(50241,30009,0),(50242,30009,1),(50243,30009,10),(50244,30009,10),(50245,30009,2),
(50246,30010,2),(50247,30010,1),(50248,30010,17),(50249,30010,10),(50250,30010,2),
(50251,30011,2),(50252,30011,1),(50253,30011,17),(50254,30011,12),(50255,30011,1),
(50256,30012,10),(50257,30012,0),(50258,30012,12),(50259,30012,7),(50260,30012,0),
(50261,30013,9),(50262,30013,2),(50263,30013,18),(50264,30013,7),(50265,30013,2),
(50266,30014,15),(50267,30014,4),(50268,30014,12),(50269,30014,25),(50270,30014,0),
(50271,30015,3),(50272,30015,7),(50273,30015,1),(50274,30015,13),(50275,30015,2),
(50276,30016,12),(50277,30016,1),(50278,30016,19),(50279,30016,14),(50280,30016,1),
(50281,30017,3),(50282,30017,2),(50283,30017,17),(50284,30017,12),(50285,30017,1),
(50286,30018,10),(50287,30018,5),(50288,30018,22),(50289,30018,19),(50290,30018,1),
(50291,30019,12),(50292,30019,2),(50293,30019,18),(50294,30019,10),(50295,30019,2),
(50296,30020,6),(50297,30020,3),(50298,30020,15),(50299,30020,9),(50300,30020,2),
(50301,30001,3),(50302,30001,1),(50303,30001,2),(50304,30001,1),(50305,30001,0),
(50306,30002,3),(50307,30002,0),(50308,30002,1),(50309,30002,2),(50310,30002,0),
(50311,30003,1),(50312,30003,2),(50313,30003,0),(50314,30003,2),(50315,30003,1),
(50316,30004,4),(50317,30004,0),(50318,30004,3),(50319,30004,7),(50320,30004,0),
(50321,30005,5),(50322,30005,2),(50323,30005,2),(50324,30005,10),(50325,30005,1),
(50326,30006,5),(50327,30006,1),(50328,30006,17),(50329,30006,15),(50330,30006,1),
(50331,30007,7),(50332,30007,1),(50333,30007,15),(50334,30007,10),(50335,30007,2),
(50336,30008,9),(50337,30008,3),(50338,30008,15),(50339,30008,10),(50340,30008,1),
(50341,30009,0),(50342,30009,1),(50343,30009,10),(50344,30009,10),(50345,30009,2),
(50346,30010,2),(50347,30010,1),(50348,30010,17),(50349,30010,10),(50350,30010,2),
(50351,30011,2),(50352,30011,1),(50353,30011,17),(50354,30011,12),(50355,30011,1),
(50356,30012,10),(50357,30012,0),(50358,30012,12),(50359,30012,7),(50360,30012,0),
(50361,30013,9),(50362,30013,2),(50363,30013,18),(50364,30013,7),(50365,30013,2),
(50366,30014,15),(50367,30014,4),(50368,30014,12),(50369,30014,25),(50370,30014,0),
(50371,30015,3),(50372,30015,7),(50373,30015,1),(50374,30015,13),(50375,30015,2),
(50376,30016,12),(50377,30016,1),(50378,30016,19),(50379,30016,14),(50380,30016,1),
(50381,30017,3),(50382,30017,2),(50383,30017,17),(50384,30017,12),(50385,30017,1),
(50386,30018,10),(50387,30018,5),(50388,30018,22),(50389,30018,19),(50390,30018,1),
(50391,30019,12),(50392,30019,2),(50393,30019,18),(50394,30019,10),(50395,30019,2),
(50396,30020,6),(50397,30020,3),(50398,30020,15),(50399,30020,3),(50400,30020,1),
(50401,30001,2),(50402,30001,1),(50403,30001,0),(50404,30001,3),(50405,30001,0),
(50406,30002,1),(50407,30002,2),(50408,30002,0),(50409,30002,1),(50410,30002,2),
(50411,30003,0),(50412,30003,2),(50413,30003,1),(50414,30003,4),(50415,30003,0),
(50416,30004,3),(50417,30004,7),(50418,30004,0),(50419,30004,5),(50420,30004,2),
(50421,30005,2),(50422,30005,10),(50423,30005,1),(50424,30005,5),(50425,30005,1),
(50426,30006,17),(50427,30006,15),(50428,30006,1),(50429,30006,7),(50430,30006,1),
(50431,30007,15),(50432,30007,10),(50433,30007,2),(50434,30007,9),(50435,30007,3),
(50436,30008,15),(50437,30008,10),(50438,30008,1),(50439,30008,0),(50440,30008,1),
(50441,30009,10),(50442,30009,10),(50443,30009,2),(50444,30009,2),(50445,30009,1),
(50446,30010,17),(50447,30010,10),(50448,30010,2),(50449,30010,2),(50450,30010,1),
(50451,30011,17),(50452,30011,12),(50453,30011,1),(50454,30011,10),(50455,30011,0),
(50456,30012,12),(50457,30012,7),(50458,30012,0),(50459,30012,9),(50460,30012,2),
(50461,30013,18),(50462,30013,7),(50463,30013,2),(50464,30013,15),(50465,30013,4),
(50466,30014,12),(50467,30014,25),(50468,30014,0),(50469,30014,3),(50470,30014,7),
(50471,30015,1),(50472,30015,13),(50473,30015,2),(50474,30015,12),(50475,30015,1),
(50476,30016,19),(50477,30016,14),(50478,30016,1),(50479,30016,3),(50480,30016,2),
(50481,30017,17),(50482,30017,12),(50483,30017,1),(50484,30017,10),(50485,30017,5),
(50486,30018,22),(50487,30018,19),(50488,30018,1),(50489,30018,12),(50490,30018,2),
(50491,30019,18),(50492,30019,10),(50493,30019,2),(50494,30019,6),(50495,30019,3),
(50496,30020,15),(50497,30020,3),(50498,30020,1),(50499,30020,2),(50500,30020,1),
(50501,30001,0),(50502,30001,3),(50503,30001,0),(50504,30001,1),(50505,30001,2),
(50506,30002,0),(50507,30002,1),(50508,30002,2),(50509,30002,0),(50510,30002,2),
(50511,30003,1),(50512,30003,4),(50513,30003,0),(50514,30003,3),(50515,30003,7),
(50516,30004,0),(50517,30004,5),(50518,30004,2),(50519,30004,2),(50520,30004,10),
(50521,30005,1),(50522,30005,5),(50523,30005,1),(50524,30005,17),(50525,30005,15),
(50526,30006,1),(50527,30006,7),(50528,30006,1),(50529,30006,15),(50530,30006,10),
(50531,30007,2),(50532,30007,9),(50533,30007,3),(50534,30007,15),(50535,30007,10),
(50536,30008,1),(50537,30008,0),(50538,30008,1),(50539,30008,10),(50540,30008,10),
(50541,30009,2),(50542,30009,2),(50543,30009,1),(50544,30009,17),(50545,30009,10),
(50546,30010,2),(50547,30010,2),(50548,30010,1),(50549,30010,17),(50550,30010,12),
(50551,30011,1),(50552,30011,10),(50553,30011,0),(50554,30011,12),(50555,30011,7),
(50556,30012,0),(50557,30012,9),(50558,30012,2),(50559,30012,18),(50560,30012,7),
(50561,30013,2),(50562,30013,15),(50563,30013,4),(50564,30013,12),(50565,30013,25),
(50566,30014,0),(50567,30014,3),(50568,30014,7),(50569,30014,1),(50570,30014,13),
(50571,30015,2),(50572,30015,12),(50573,30015,1),(50574,30015,19),(50575,30015,14),
(50576,30016,1),(50577,30016,3),(50578,30016,2),(50579,30016,17),(50580,30016,12),
(50581,30017,1),(50582,30017,10),(50583,30017,5),(50584,30017,22),(50585,30017,19),
(50586,30018,1),(50587,30018,12),(50588,30018,2),(50589,30018,18),(50590,30018,10),
(50591,30019,2),(50592,30019,6),(50593,30019,3),(50594,30019,15),(50595,30019,9),
(50596,30020,3),(50597,30020,1),(50598,30020,2),(50599,30020,1),(50600,30020,0),
(50601,30001,3),(50602,30001,0),(50603,30001,1),(50604,30001,2),(50605,30001,0),
(50606,30002,1),(50607,30002,2),(50608,30002,0),(50609,30002,2),(50610,30002,1),
(50611,30003,4),(50612,30003,0),(50613,30003,3),(50614,30003,7),(50615,30003,0),
(50616,30004,5),(50617,30004,2),(50618,30004,2),(50619,30004,10),(50620,30004,1)
,(50621,30005,5),(50622,30005,1),(50623,30005,17),(50624,30005,15),(50625,30005,1),
(50626,30006,7),(50627,30006,1),(50628,30006,15),(50629,30006,10),(50630,30006,2),
(50631,30007,9),(50632,30007,3),(50633,30007,15),(50634,30007,10),(50635,30007,1),
(50636,30008,0),(50637,30008,1),(50638,30008,10),(50639,30008,10),(50640,30008,2),
(50641,30009,2),(50642,30009,1),(50643,30009,17),(50644,30009,10),(50645,30009,2),
(50646,30010,2),(50647,30010,1),(50648,30010,17),(50649,30010,12),(50650,30010,1),
(50651,30011,10),(50652,30011,0),(50653,30011,12),(50654,30011,7),(50655,30011,0),
(50656,30012,9),(50657,30012,2),(50658,30012,18),(50659,30012,7),(50660,30012,2),
(50661,30013,15),(50662,30013,4),(50663,30013,12),(50664,30013,25),(50665,30013,0),
(50666,30014,3),(50667,30014,7),(50668,30014,1),(50669,30014,13),(50670,30014,2),
(50671,30015,12),(50672,30015,1),(50673,30015,19),(50674,30015,14),(50675,30015,1),
(50676,30016,3),(50677,30016,2),(50678,30016,17),(50679,30016,12),(50680,30016,1),
(50681,30017,10),(50682,30017,5),(50683,30017,22),(50684,30017,19),(50685,30017,1),
(50686,30018,12),(50687,30018,2),(50688,30018,18),(50689,30018,10),(50690,30018,2),
(50691,30019,6),(50692,30019,3),(50693,30019,15),(50694,30019,9),(50695,30019,2),
(50696,30020,2),(50697,30020,3),(50698,30020,5),(50699,30020,4),(50700,30020,1);
/* TO BE CONTINUED*/;